synthetic_code_id,parent_theoretical_id,parent_theoretical_name,synthetic_code_name,interpretive_definition,inclusion_criteria,exclusion_criteria,interpretive_rationale,boundary,synthetic_kind,review_status,focused_code_count
S01,T01,instytucjonalne przenoszenie ryzyka pracy i jego kontestowanie,Warunkowanie ochrony statusem zatrudnienia,"Ochrona socjalna, zdrowotna i proceduralna jest dostępna w zakresie wyznaczonym przez formalny status pracy oraz realną egzekwowalność uprawnień. Braki ochrony przenoszą koszty zabezpieczenia na pracownika.","Włączaj, gdy fragment odnosi umowę, status pracownika, świadczenie lub decyzję instytucji do faktycznego dostępu do ubezpieczenia, urlopu, ochrony zdrowia, dochodu albo innych praw.",Nie włączaj samej czasowości zatrudnienia bez skutku dla ochrony ani indywidualnego ważenia dochodu i składek bez opisu instytucjonalnego zakresu uprawnień.,"Przypisane F pokazują, że bezpieczeństwo nie wynika automatycznie z pracy lub obywatelstwa, lecz jest selektywnie przyznawane przez ramy zatrudnienia i instytucjonalne uznanie.","W odróżnieniu od C02 rdzeniem nie jest niepewność dalszej pracy, lecz zakres ochrony dostępnej podczas pracy lub poza nią.",cluster,candidate,5
S02,T01,instytucjonalne przenoszenie ryzyka pracy i jego kontestowanie,Uzależnianie ciągłości pracy od decyzji organizacji,"Dalsze zatrudnienie pozostaje zależne od kontraktu, bieżącego popytu oraz nieprzejrzystej lub arbitralnej decyzji organizatora pracy. Ryzyko braku kontynuacji zostaje w ten sposób przeniesione na pracownika.","Włączaj, gdy kolejna praca, zmiana, zlecenie lub umowa zależą od przedłużenia, wezwania, potwierdzenia albo jednostronnej decyzji pracodawcy.",Nie włączaj dłuższej biograficznej sekwencji zmian pracy bez wskazania bieżącego mechanizmu warunkowania ani ochrony socjalnej wynikającej z formy zatrudnienia.,"Wspólnym mechanizmem jest organizowanie zatrudnienia jako odwoływalnego dostępu, którego pracownik nie może samodzielnie stabilizować.",W odróżnieniu od C03 kod obejmuje bezpośredni mechanizm organizacyjnego uzależnienia dalszej pracy; C03 dotyczy biograficznego przechodzenia przez jego skutki.,cluster,candidate,5
S03,T01,instytucjonalne przenoszenie ryzyka pracy i jego kontestowanie,Składanie ciągłości z niestabilnych odcinków,"Kariera i utrzymanie są budowane przez łączenie przejściowych prac, przerw, projektów i zewnętrznie przerwanych możliwości zatrudnienia. Ciągłość jest tu efektem składania kolejnych odcinków, a nie trwałości pojedynczej relacji pracy.","Włączaj, gdy fragment przedstawia co najmniej dwa odcinki, przejścia lub równoległe formy pracy i ujawnia ich znaczenie dla odzyskiwania, utraty lub czasowego buforowania dochodu.","Nie włączaj pojedynczej nieprzedłużonej umowy, oczekiwania na decyzję pracodawcy ani samego opisu formalnej ochrony.","F łączą perspektywę biograficzną: pracownik organizuje życie zawodowe poprzez kolejne, różnie trwałe źródła pracy i dochodu.","W odróżnieniu od C02 nie chodzi o pojedynczy mechanizm warunkowania zatrudnienia, lecz o sekwencję i kompozycję kolejnych stanów zawodowych.",cluster,candidate,4
S04,T01,instytucjonalne przenoszenie ryzyka pracy i jego kontestowanie,Przerzucanie kosztów organizacji czasu i pracy,"Niedobory, normy i sposób układania czasu pracy są kompensowane wysiłkiem pracowników oraz kosztami ponoszonymi w życiu poza pracą. Odpowiedzią staje się regeneracja albo próba obrony granic czasu.","Włączaj, gdy organizacja zadań, personelu, grafiku lub czasu powoduje dodatkowy wysiłek, przeciążenie, ograniczenie odpoczynku albo konieczność ochrony czasu pozazawodowego.","Nie włączaj samej izolacji społecznej, konfliktów ze współpracownikami ani trudności finansowych niewynikających z organizacji pracy i czasu.","Przypisane F są przypadkami przeniesienia kosztów wadliwej lub intensywnej organizacji na ciało, czas i prywatne życie pracownika.","W odróżnieniu od C05 rdzeniem nie jest jakość relacji między pracownikami, ale organizacyjny rozkład zadań, obciążeń i czasu.",cluster,candidate,6
S05,T01,instytucjonalne przenoszenie ryzyka pracy i jego kontestowanie,Kształtowanie wsparcia przez organizację relacji,"Układ relacji w miejscu pracy — mały zespół, nierówna współpraca albo samotne stanowisko — decyduje o dostępie do pomocy, możliwości wspólnego działania i codziennym doświadczeniu pracy.","Włączaj, gdy skala zespołu, współpraca, konflikty między współpracownikami albo fizyczna izolacja wpływają na wykonywanie pracy, dostęp do wsparcia lub autonomię.","Nie włączaj relacyjnego poniżania przez przełożonego, kontroli hierarchicznej ani samego zbiorowego dochodzenia roszczeń wobec instytucji.","F łączy to, że organizacja relacji poziomych może zarazem tworzyć zasoby wsparcia i ograniczać sprawczość pracownika.","W odróżnieniu od C06 chodzi o relacje współpracowników i społeczną organizację pracy, a nie pionową władzę przełożonych.",cluster,candidate,3
S06,T01,instytucjonalne przenoszenie ryzyka pracy i jego kontestowanie,Doświadczanie podporządkowania i hierarchicznego uznania,"Hierarchia organizacyjna kształtuje możliwość bycia wysłuchanym, uznanym i bezpiecznym w pracy, a także ocenę legitymizacji zarządzania. Władza przełożonych staje się źródłem kontroli, deprecjacji i nierównego dostępu.","Włączaj, gdy przełożony, kierownictwo, pozycja w hierarchii lub sieć dostępu ograniczają głos, uznanie, zachowanie, awans albo dostęp do pracy.","Nie włączaj konfliktów poziomych w zespole, proceduralnego filtrowania rekrutacji bez relacji hierarchicznej ani ogólnego niezadowolenia z warunków pracy.",Wspólną logiką jest nierówna zdolność wpływania na decyzje i definiowanie wartości zawodowej przez aktorów o wyższej pozycji.,"W odróżnieniu od C07 nie chodzi o selekcję kandydatów w procedurze dostępu, lecz o władzę i uznanie w relacji organizacyjnej.",cluster,candidate,5
S07,T01,instytucjonalne przenoszenie ryzyka pracy i jego kontestowanie,Filtrowanie dostępu przez kryteria uznania,"Dostęp do pracy jest selekcjonowany poprzez proceduralne, biograficzne i symboliczne kryteria oceny kandydatów. Osoby muszą jednocześnie poddawać się ocenie i kalibrować własną wartość wobec jej reguł.","Włączaj, gdy rekrutacja, egzamin, przesłuchanie lub selekcja wiążą dostęp do pracy z kwalifikacjami, cechami przypisanymi, autoprezentacją albo pozorną skutecznością procedury.","Nie włączaj ograniczania głosu już zatrudnionego pracownika, organizacyjnej niepewności dalszej pracy ani indywidualnej krytyki warunków zatrudnienia po uzyskaniu dostępu.","F pokazują, że selekcja nie jest neutralnym rozpoznaniem kompetencji: definiuje, jakie cechy, biografie i sposoby prezentacji stają się zawodowo uznawalne.","W odróżnieniu od C06 centrum analizy stanowi próg wejścia i procedura selekcji, a nie podporządkowanie w istniejącej relacji pracy.",cluster,candidate,5
S08,T01,instytucjonalne przenoszenie ryzyka pracy i jego kontestowanie,Równoważenie dochodu z zabezpieczeniem,"Pracownik utrzymuje zatrudnienie lub wybiera jego formę pod presją bieżącego dochodu, równocześnie ponosząc koszt ograniczonego zabezpieczenia. Wybór ma charakter zawężonej negocjacji, nie swobodnej preferencji.","Włączaj, gdy dług, konieczność zarobku, zależność relacyjna albo kalkulacja składek i ubezpieczenia ograniczają możliwość odejścia, odmowy lub wyboru bardziej bezpiecznej pracy.","Nie włączaj instytucjonalnie dostępnych uprawnień jako takich, czasowego buforu dochodowego bez procesu ważenia ani arbitralnego obniżenia wypłaty przez pracodawcę.",Oba F przedstawiają ekonomiczne przymusy jako mechanizm stabilizujący pozostawanie w potencjalnie niedopasowanym lub słabiej zabezpieczonym zatrudnieniu.,"W odróżnieniu od C01 chodzi o subiektywne i praktyczne ważenie dochodu wobec ochrony, a nie o sam formalny zakres ochrony.",cluster,candidate,2
S09,T01,instytucjonalne przenoszenie ryzyka pracy i jego kontestowanie,Normatywne kwestionowanie relacji zatrudnienia,"Warunki pracy i zarządzanie są oceniane przez standard uczciwości, godności, odpowiedzialności i wzajemności. Krytyka nie dotyczy wyłącznie dyskomfortu, lecz naruszenia oczekiwanego moralnego porządku relacji pracy.","Włączaj, gdy osoba ocenia praktykę zatrudnienia lub relację pracodawca–pracownik jako nieuczciwą, naruszającą godność, manipulacyjną albo wymagającą wzajemnej odpowiedzialności.","Nie włączaj samego skierowanego żądania zmiany warunków, trudności etycznej w kontakcie z klientem ani technicznej interwencji w dostęp proceduralny.","F łączy odwołanie do norm, według których praca powinna być uczciwą i uznającą relacją, a nie jednostronnym wykorzystaniem pracownika.","W odróżnieniu od C10 koduje normatywną diagnozę stosunku pracy, nie formę praktycznego działania lub wycofania.",cluster,candidate,2
S10,T01,instytucjonalne przenoszenie ryzyka pracy i jego kontestowanie,Kontestowanie lub ograniczanie uczestnictwa,Wobec niesprawiedliwych albo napięciowych warunków pracownicy podejmują głos i roszczenie lub przeciwnie — ograniczają udział i odchodzą. Są to indywidualne sposoby odzyskiwania wpływu na relację pracy.,"Włączaj, gdy osoba kieruje żądanie, skargę, odmowę lub zakwestionowanie do podmiotu organizującego pracę albo ogranicza swoje uczestnictwo wyraźnie w odpowiedzi na napięcie zawodowe.","Nie włączaj samego rozpoznania problemu bez działania, zbiorowej reprezentacji interesów ani planowania odpoczynku bez sporu o warunki.","Oba F pokazują sprawstwo wobec ryzyka: przez konfrontację z warunkami albo przez wyjście z relacji, która stała się nie do utrzymania.",W odróżnieniu od C11 chodzi o reakcję indywidualną; C11 obejmuje wspólne organizowanie głosu i roszczeń.,cluster,candidate,2
S11,T01,instytucjonalne przenoszenie ryzyka pracy i jego kontestowanie,Budowanie zbiorowego głosu,"Pracownicy przekształcają wspólnie rozpoznawane problemy w potencjalną reprezentację, koordynację lub zbiorowe roszczenie. Kluczowe jest przejście — albo jego brak — od prywatnego narzekania do wspólnego oddziaływania.","Włączaj, gdy co najmniej dwie osoby organizują wspólne działanie, reprezentację interesów, protest lub koordynację wobec reguł organizacyjnych, albo gdy problematyzowany jest brak takiego przejścia.","Nie włączaj indywidualnej skargi, zwykłej przyjacielskości zespołu ani konfliktu współpracowników bez wspólnego celu reprezentacyjnego.","F łączą pytanie o to, czy rozproszone doświadczenie ryzyka może zostać przekształcone w zbiorową zdolność nacisku.","W odróżnieniu od C10 podmiotem działania lub jego braku jest zbiorowość, a nie pojedynczy pracownik.",cluster,candidate,3
S12,T01,instytucjonalne przenoszenie ryzyka pracy i jego kontestowanie,Regulowanie pracy wobec odbiorcy,"Kontakt z klientem, podopiecznym lub odbiorcą jest zarazem źródłem obciążenia emocjonalnego, oceny sensu pracy i granic etycznie akceptowalnego działania. Relacja z odbiorcą organizuje więc zarówno koszt pracy, jak i jej moralną ocenę.","Włączaj, gdy bezpośrednia praca z ludźmi wiąże się ze stresem, wyczerpaniem, zadaniowością, oceną jakości kontaktu albo sprzeciwem wobec manipulowania odbiorcą.","Nie włączaj deprecjonowania przez przełożonych, ogólnego zmęczenia tempem pracy ani normatywnej krytyki pracodawcy niezwiązanej z relacją z odbiorcą.","F są przypadkami regulowania siebie i wartości pracy w bezpośredniej relacji z osobami, wobec których wykonywane jest zadanie zawodowe.","W odróżnieniu od C09 normatywna ocena dotyczy przede wszystkim sposobu traktowania odbiorcy, a nie ogólnej relacji zatrudnienia.",cluster,candidate,3
S13,T01,instytucjonalne przenoszenie ryzyka pracy i jego kontestowanie,Uznaniowe rozdzielanie należnej zapłaty,"Wynagrodzenie jest pomniejszane, dzielone lub przekazywane według organizacyjnych decyzji i uzasadnień, które odsuwają wykonawcę od pełnej kontroli nad należną zapłatą.","Włączaj, gdy konkretna kwota za wykonaną pracę zostaje zmieniona, podzielona lub przekazana inaczej niż oczekiwano przez decyzję organizacyjną.","Nie włączaj niskich zarobków, wyboru między dochodem a ubezpieczeniem ani ogólnego braku stabilności zatrudnienia.",Organizacyjna kontrola nad przepływem wynagrodzenia.,"Najbliżej C08, lecz tam rdzeniem jest pracownicza kalkulacja dochodu i bezpieczeństwa, tutaj zaś jednostronna alokacja już należnego wynagrodzenia.",standalone_candidate,needs_review,1
S14,T01,instytucjonalne przenoszenie ryzyka pracy i jego kontestowanie,Negocjowanie zawodowej odrębności,Osoba buduje obraz własnej kariery przez odróżnianie się od bliskich oraz mierzenie się z relacyjnymi oczekiwaniami wobec własnej indywidualności.,"Włączaj, gdy porównanie z bliskimi lub presja relacyjna wpływa na rozumienie własnej tożsamości zawodowej i wyborów kariery.","Nie włączaj hierarchicznych ograniczeń dostępu, konfliktów zespołowych ani zwykłej różnicy biografii bez pracy nad własną odrębnością.",Tożsamościowe negocjowanie autonomii zawodowej.,"Najbliżej C03, ale nie dotyczy sekwencji zatrudnienia, lecz tożsamościowego interpretowania własnej drogi.",standalone_candidate,needs_review,1
S15,T01,instytucjonalne przenoszenie ryzyka pracy i jego kontestowanie,Usuwanie proceduralnych przeszkód dostępu,"Aktor podejmuje bezpośrednią interwencję, aby skorygować błąd, uzgodnić organizację lub uzyskać dokument konieczny do praktycznego wykonywania pracy.","Włączaj, gdy działanie zmierza do usunięcia konkretnej przeszkody proceduralnej w dostępie, obecności lub realizacji pracy.","Nie włączaj roszczeń o uczciwość warunków, zbiorowej reprezentacji ani samej krytyki procedur naboru.",Praktyczne odzyskiwanie dostępu do pracy przez interwencję proceduralną.,"Najbliżej C10, lecz C10 obejmuje kontestowanie warunków jako niesprawiedliwych, a tu celem jest operacyjne przywrócenie dostępu.",standalone_candidate,needs_review,1
S16,T01,instytucjonalne przenoszenie ryzyka pracy i jego kontestowanie,Wyznaczanie instytucjonalnych granic uczestnictwa,"Instytucja określa dopuszczalną widzialność, przynależność i ekspresję, pozostawiając pracownikom ograniczone pole negocjowania tych granic.","Włączaj, gdy formalna reguła lub decyzja zwierzchnia wyznacza, kto i w jaki sposób może uczestniczyć albo publicznie wyrażać stanowisko w ramach instytucji.",Nie włączaj zbiorowego organizowania protestu bez kontroli instytucjonalnej ani kontroli przełożonego odnoszącej się wyłącznie do wykonywania zadań.,Kontrola instytucjonalna nad granicami przynależności i ekspresji.,"Najbliżej C11, ale C11 dotyczy budowania zbiorowego głosu, podczas gdy ten kod analizuje uprzednie instytucjonalne ograniczenie jego dopuszczalności.",standalone_candidate,needs_review,1
S17,T02,kalibrowanie odwracalnej trajektorii zawodowej,Doświadczanie progów zasobowych,"Dostęp do edukacyjno-zawodowych ruchów jest ograniczany przez nierówny dostęp do pieniędzy, czasu, instytucjonalnych miejsc, sprzętu i formalnych warunków. Bariery te zawężają wykonalne opcje niezależnie od samej aspiracji.","Włączaj, gdy konkretny zasób, próg formalny lub reguła organizacyjna bezpośrednio blokuje, opóźnia albo ogranicza podjęcie nauki, szkolenia, praktyki lub wejście na określoną ścieżkę pracy.","Nie włączaj sytuacji, w których osoba przede wszystkim waży atrakcyjność różnych opcji mimo ich dostępności, ani ogólnego planowania finansów bez bezpośredniej bariery wykonania.","Przypisane F pokazują, że trajektoria nie jest wyłącznie rezultatem wyboru: jej możliwe przejścia są filtrowane przez zasoby oraz bramki instytucjonalne.","W odróżnieniu od C08 nie chodzi o budowanie przyszłej stabilizacji, lecz o bieżące przeszkody uniemożliwiające wykonanie konkretnego kroku.",cluster,candidate,4
S18,T02,kalibrowanie odwracalnej trajektorii zawodowej,Uczenie się przez praktykowanie,"Doświadczenia pracy, prób i interakcji stają się źródłem kompetencji oraz orientacji potrzebnej do dalszych decyzji. Znaczenie ma nie samo uczestnictwo, lecz przekształcenie doświadczenia w rozpoznanie własnych możliwości, zasad działania lub wykonalności.","Włączaj, gdy fragment opisuje nabywanie umiejętności, wiedzy orientacyjnej lub pewności poprzez wykonywanie zadań, praktyki, staż, próbę, poradę albo sprawdzanie własnych zdolności.","Nie włączaj samego gromadzenia formalnych poświadczeń, zwykłego wejścia do pracy bez procesu uczenia się ani retrospektywnej oceny całej biografii bez wskazanej lekcji.","Wszystkie przypisane F ujmują doświadczenie jako aktywne narzędzie kalibrowania dalszej trajektorii, a nie jako biernie odbytą historię.","W odróżnieniu od C04 centrum stanowi rozwój orientacji i kompetencji, a nie sam sposób uzyskania zatrudnienia.",cluster,candidate,5
S19,T02,kalibrowanie odwracalnej trajektorii zawodowej,Konstruowanie wejścia do pracy,"Wejście do zatrudnienia odbywa się przez sekwencje tymczasowych, pośredniczonych lub opóźnionych etapów, a nie przez jednorazowe przejście do stabilnej pracy. Dostęp do rynku jest składany z okazji, relacji, przerw i przejść między edukacją a pracą.","Włączaj, gdy fragment pokazuje, że uzyskanie pracy zależy od wielu krótkich zajęć, pośrednika, praktyki, oczekiwania, presji czasowej albo przeformułowania statusu edukacyjnego.","Nie włączaj opisu stażu przede wszystkim jako uczenia się, ani wyboru między już dostępnymi wariantami zatrudnienia.","Przypisane F opisują zatrudnienie jako proces stopniowego uzyskiwania dostępu, często czasowy, rozproszony i zależny od zewnętrznych okazji.","W odróżnieniu od C10 nie chodzi o selekcjonowanie warunków już rozważanej pracy, lecz o samo wypracowanie wejścia do zatrudnienia.",cluster,candidate,4
S20,T02,kalibrowanie odwracalnej trajektorii zawodowej,Kapitalizowanie kwalifikacji,"Edukacja, kursy, doświadczenia i dokumenty są wykorzystywane jako zasoby poszerzające przyszłe możliwości zawodowe. Osoby nie tylko uczą się, lecz świadomie budują, uzupełniają i przedstawiają rozpoznawalny kapitał kwalifikacyjny.","Włączaj, gdy ukończenie edukacji, kurs, samokształcenie, akumulowanie doświadczeń lub ich dokumentowanie jest powiązane z uzyskaniem zawodu, awansem, przejściem przez selekcję albo zabezpieczeniem perspektyw pracy.","Nie włączaj bariery w dostępie do kwalifikacji, samego uczenia się w pracy ani podtrzymywania studiów przede wszystkim jako otwartej opcji bez pracy nad zasobem kwalifikacyjnym.",Wspólnym mechanizmem jest przekładanie edukacyjnych i praktycznych zasobów na większą rozpoznawalność oraz użyteczność na przyszłym rynku pracy.,"W odróżnieniu od C05 centrum stanowi budowanie wartości kwalifikacyjnej, a nie organizowanie czasu między studiami i utrzymaniem.",cluster,candidate,4
S21,T02,kalibrowanie odwracalnej trajektorii zawodowej,Sekwencjonowanie pracy i nauki,"Osoby zarządzają relacją między pracą, studiami i utrzymaniem, aby nie zamknąć przyszłych możliwości. Trajektoria powstaje przez zmianę kolejności zobowiązań, organizowanie czasu oraz zachowywanie możliwości powrotu do edukacji.","Włączaj, gdy fragment przedstawia zmianę kolejności pracy i edukacji, dostosowanie grafiku do nauki, utrzymywanie możliwości kontynuacji studiów albo godzenie dochodu z rozwojem ścieżki.","Nie włączaj samej pracy podczas studiów bez organizowania relacji między rolami, ani kwalifikacji budowanych bez problemu równoległego utrzymania.","Wszystkie F opisują edukację i pracę jako wzajemnie negocjowane elementy sekwencji biograficznej, a nie osobne sfery.",W odróżnieniu od C06 odroczenie nie jest tu głównym mechanizmem; chodzi o aktywne układanie współistnienia lub kolejności zobowiązań.,cluster,candidate,4
S22,T02,kalibrowanie odwracalnej trajektorii zawodowej,Podtrzymywanie odwracalności przyszłości,"Brak konkretnego planu lub celowe odsunięcie decyzji pozwala nie zamykać przyszłości w jednej ścieżce. Otwartość jest tu czasową strategią zachowania możliwości, a nie wyłącznie deficytem planowania.","Włączaj, gdy osoba nie określa jednego kierunku, dopuszcza odejście od wyuczonej ścieżki albo świadomie odkłada decyzję, przerwę lub zobowiązanie, by zachować późniejszy wybór.","Nie włączaj wyłącznie lęku o przyszłe bezpieczeństwo, retrospektywnego żalu z powodu przeszłości ani konkretnej zmiany kierunku po zerwaniu ciągłości.","Przypisane F pokazują odwracalność jako sposób działania wobec nierozstrzygniętego kierunku, a nie prostą bierność.",W odróżnieniu od C08 nie chodzi o osiąganie stabilnego układu życia; w odróżnieniu od C09 nie chodzi o dokonaną reorientację.,cluster,candidate,3
S23,T02,kalibrowanie odwracalnej trajektorii zawodowej,Szacowanie dostępności pracy,"Przyszłość zawodowa jest oceniana przez pryzmat kruchości lub możliwej ciągłości dostępu do zatrudnienia i dochodu. Osoby równocześnie rozpoznają brak gwarancji oraz poszukują podstaw do przekonania, że praca pozostanie osiągalna.","Włączaj, gdy fragment dotyczy przyszłej możliwości utrzymania zatrudnienia, dochodu, statusu lub zabezpieczenia i opiera tę ocenę na niepewności albo na doświadczeniach dających poczucie dostępności pracy.","Nie włączaj deklarowanego pragnienia stabilnej pracy bez oceny jej dostępności, ani ogólnego braku planu na życie.","F tworzą dwa bieguny tego samego procesu: oceny, czy przyszła biografia zawodowa będzie możliwa do podtrzymania.","W odróżnieniu od C08 dotyczy przewidywania dostępności pracy i ochrony, nie projektowania pożądanego stabilnego życia.",cluster,candidate,2
S24,T02,kalibrowanie odwracalnej trajektorii zawodowej,Projektowanie zakotwiczenia życiowego,"Przyszłość jest porządkowana wokół trwałości zatrudnienia, mieszkania, finansów i relacji rodzinnych. Stabilizacja staje się wyobrażonym punktem ograniczającym wcześniejszą odwracalność biografii.","Włączaj, gdy osoba wiąże przyszłe uporządkowanie życia z trwałą pracą, mieszkaniem, dochodem, rodziną lub innymi materialno-relacyjnymi warunkami stabilności.","Nie włączaj samego lęku przed niestabilnością pracy, technicznej bariery finansowej ani otwartego odraczania decyzji.","Wspólnym znaczeniem F jest traktowanie stabilnego układu materialnego i relacyjnego jako horyzontu, względem którego kalibrowana jest trajektoria.","W odróżnieniu od C07 chodzi o pożądany i planowany układ stabilności, a nie o ocenę prawdopodobieństwa utrzymania pracy.",cluster,candidate,4
S25,T02,kalibrowanie odwracalnej trajektorii zawodowej,Przekierowywanie po niedopasowaniu,"Niedopasowanie, przerwanie ciągłości lub rozpoznanie kosztów dotychczasowej ścieżki uruchamiają zmianę kierunku. Odejście, powrót, przekwalifikowanie i ograniczenie aktywności są sposobami ponownego ustawiania trajektorii.","Włączaj, gdy wcześniejsza praca, edukacja lub aktywność zostaje zawieszona, opuszczona, ograniczona albo zastąpiona inną ścieżką wskutek niedopasowania, ograniczenia lub zmienionych warunków.","Nie włączaj warunkowego rozważania zmiany bez zerwania lub wycofania, ani samego odroczenia decyzji przy utrzymaniu dotychczasowej opcji.","Przypisane F traktują nieciągłość nie jako koniec działania, lecz jako punkt przeorientowania biografii.",W odróżnieniu od C10 osoba realnie wycofuje się lub zmienia kierunek; C10 dotyczy przede wszystkim porównywania warunków przed decyzją.,cluster,candidate,5
S26,T02,kalibrowanie odwracalnej trajektorii zawodowej,Selekcjonowanie warunków pracy,"Osoby odzyskują sprawstwo przez porównywanie i wybieranie form pracy według bezpieczeństwa, autonomii, dopasowania, kosztów i jakości warunków. Zmiana lub odejście jest traktowane jako warunkowa odpowiedź na przekroczony próg albo dostępność lepszej opcji.","Włączaj, gdy fragment pokazuje aktywne ważenie opcji pracy, negocjowanie jej warunków, testowanie ryzyka, warunkowe odejście albo rezygnację po uznaniu warunków za nieakceptowalne.","Nie włączaj dokonanej zmiany zawodu wywołanej przerwaniem ciągłości, ani samego niezadowolenia z pracy bez wskazanego wyboru, progu lub alternatywy.",Wspólny mechanizm polega na przekształcaniu warunków pracy w kryteria selekcji dalszego ruchu zawodowego.,"W odróżnieniu od C09 koduje deliberację, ocenę i warunkowanie decyzji; C09 obejmuje już przeorientowanie ścieżki po zerwaniu lub niedopasowaniu.",cluster,candidate,6
S27,T02,kalibrowanie odwracalnej trajektorii zawodowej,Retrospektywne wartościowanie trajektorii,"Przebieg biografii jest oceniany przez zestawienie obecnej sytuacji z niewykorzystanymi możliwościami, potencjałem i alternatywnymi wariantami. Ocena nadaje przeszłym wyborom sens opóźnienia, straty albo ograniczonej przyszłości.","Włączaj, gdy osoba retrospektywnie porównuje własną lub cudzą trajektorię z możliwą alternatywą i interpretuje ją jako zmarnowany czas, utracony potencjał, brak perspektyw lub biograficzne ograniczenie.","Nie włączaj bieżącego braku planu, neutralnego opisu ograniczeń strukturalnych ani przyszłościowego ważenia opcji bez retrospektywnej oceny.","Oba F nie opisują wyłącznie obiektywnej sytuacji, lecz moralno-biograficznie interpretują jej oddalenie od możliwego, lepszego przebiegu.","W odróżnieniu od C09 nie chodzi o działanie zmieniające kierunek, lecz o interpretację znaczenia wcześniejszego przebiegu.",cluster,candidate,2
S28,T02,kalibrowanie odwracalnej trajektorii zawodowej,Pozycjonowanie się wobec oczekiwań rodziców,"Rodzicielskie oczekiwania wobec edukacji i zawodu stają się relacyjnym punktem odniesienia, wobec którego osoba przyjmuje, negocjuje lub odrzuca wpływ na własną ścieżkę.",Włączaj wyłącznie przy jawnym związku między oczekiwaniem lub sugestią rodziców a pozycją osoby wobec własnej edukacji albo zawodu.,Nie włączaj ogólnego wsparcia rodziny ani decyzji edukacyjnych bez rodzicielskiej relacji wpływu.,Negocjowanie autonomii biograficznej w relacji rodzinnej.,Nie jest to bariera zasobowa z C01 ani samodzielne dopasowywanie ścieżki do zainteresowań; kluczowa jest relacja z oczekiwaniem rodziców.,standalone_candidate,needs_review,1
S29,T02,kalibrowanie odwracalnej trajektorii zawodowej,Poszukiwanie zawodowego dopasowania,"Wybór edukacji i przyszłej pracy jest organizowany przez sprawdzanie zgodności między zainteresowaniami, wyobrażeniami o sobie i możliwym zajęciem.","Włączaj, gdy wybór szkoły, profilu lub kierunku jest uzasadniany szukaniem zajęcia zgodnego z zainteresowaniami i wyobrażoną pracą.","Nie włączaj wyborów wymuszonych zasobami, presją rodziny lub samą kalkulacją bezpieczeństwa.",Konstruowanie kierunku przez poszukiwanie zgodności aspiracji i pracy.,"W odróżnieniu od C04 nie chodzi o budowanie kwalifikacji, lecz o ustalanie, jaka ścieżka jest osobiście odpowiednia.",standalone_candidate,needs_review,1
S30,T02,kalibrowanie odwracalnej trajektorii zawodowej,Warunkowanie mobilności relacjami,"Decyzja o wyjeździe, przeprowadzce lub pozostaniu pozostaje zależna od przebiegu studiów oraz relacji rodzinnych lub partnerskich, przez co sprawstwo mobilności ma charakter warunkowy.","Włączaj, gdy mobilność jest jawnie uzależniona od przyszłego rozwoju biografii lub działania bliskiej osoby.",Nie włączaj samodzielnie zrealizowanych przeprowadzek ani ogólnego marzenia o zmianie miejsca.,Relacyjne ograniczanie mobilności jako elementu trajektorii.,"W odróżnieniu od C06 nie chodzi przede wszystkim o odroczenie kariery, lecz o relacyjnie warunkowaną decyzję przestrzenną.",standalone_candidate,needs_review,1
S31,T02,kalibrowanie odwracalnej trajektorii zawodowej,Przekuwanie trudności w działanie,"Przymus, dyskomfort lub problem uruchamiają konkretne działanie, wytrwanie lub próbę naprawy zamiast wycofania.","Włączaj, gdy trudność jest bezpośrednim impulsem do podjęcia działania i fragment wskazuje tę reakcję.","Nie włączaj samych planów, zdobywania kwalifikacji ani wyborów pracy bez wcześniejszego problemu jako impulsu.",Aktywizowanie działania przez doświadczenie konieczności.,"W odróżnieniu od C10 nie chodzi o selekcję opcji zatrudnienia, lecz o ogólniejszą reakcję sprawczą na trudność.",standalone_candidate,needs_review,1
S32,T02,kalibrowanie odwracalnej trajektorii zawodowej,Tworzenie własnego zatrudnienia,"Planowanie, uruchamianie lub prowadzenie własnej działalności zmienia formę uczestnictwa w pracy z zatrudnienia na samodzielne przedsięwzięcie.","Włączaj, gdy osoba zakłada, prowadzi, rozwija lub rozważa zakończenie własnej firmy, gabinetu, sklepu lub zawodowego przedsięwzięcia.","Nie włączaj kursów, pracy u krewnego ani ogólnej autonomii w ramach cudzego zatrudnienia.",Przedsiębiorczość jako alternatywna organizacja aktywności zawodowej.,"W odróżnieniu od C10 nie chodzi o wybieranie warunków istniejącej pracy, ale o wytworzenie nowej formy pracy.",standalone_candidate,needs_review,1
S33,T03,mobilność jako warunkowe przekształcanie dostępu do pracy i usług,Reagowanie na nierówność szans,"Mobilność staje się odpowiedzią na terytorialnie nierówny dostęp do godnego zatrudnienia, dochodu i rozwoju. Wyjazd lub przeprowadzka są tu rozumiane nie jako swobodna preferencja, lecz jako racjonalna próba wyjścia z miejsca o ograniczonych perspektywach.","Włączaj fragmenty, w których różnice między miejscami, regionami lub krajami są bezpośrednio wskazane jako powód rozważania, uzasadniania lub realizowania wyjazdu. Musi pojawić się związek mobilności z poszukiwaniem pracy, wyższych zarobków, rozwoju albo możliwości zbudowania stabilnego życia.","Nie włączaj wypowiedzi, które koncentrują się na bilansowaniu więzi, jakości pracy lub wcześniejszych doświadczeń migracyjnych, nawet jeśli dotyczą wyjazdu. Wykluczaj też opisy pracy za granicą, gdy nie przedstawiają nierówności możliwości jako przesłanki mobilności.","F239 pokazuje lokalne zróżnicowanie szans zawodowych jako impuls do przeprowadzki, a F393 interpretuje emigrację jako odpowiedź na strukturalnie ograniczoną możliwość godnego życia. W obu przypadkach mobilność jest mechanizmem kompensowania nierównego rozmieszczenia możliwości.","W odróżnieniu od C02 nacisk nie pada na osobiste lub rodzinne ważenie kosztów mobilności, lecz na strukturalny deficyt możliwości w miejscu pozostania jako źródło presji i uzasadnienia wyjazdu.",cluster,candidate,2
S34,T03,mobilność jako warunkowe przekształcanie dostępu do pracy i usług,Warunkowanie migracji bezpieczeństwem życiowym,"Migracja zarobkowa jest traktowana jako warunkowa strategia zabezpieczania utrzymania, której sens zależy od jednoczesnej oceny dochodu, jakości pracy, możliwości powrotu oraz kosztów dla relacji i zakorzenienia. Mobilność nie daje automatycznej poprawy, lecz wymaga negocjowania materialnego bezpieczeństwa z ciągłością życia społecznego.","Włączaj fragmenty, w których wyjazd zagraniczny, pozostawanie za granicą lub powrót są przedstawiane jako decyzje zależne od możliwości utrzymania oraz od warunków pracy, więzi, stabilności domowej albo alternatyw po powrocie. Wystarczy wyraźne pokazanie, że korzyść ekonomiczna jest zestawiona z innym kosztem lub ograniczeniem życiowym.","Nie włączaj fragmentów, w których mobilność jest uzasadniana wyłącznie przestrzenną nierównością ofert pracy i płac, bez opisu warunków podtrzymywania życia po wyjeździe. Wykluczaj także przenoszenie firm dla korzyści regulacyjnych oraz mobilność medyczną, ponieważ dotyczą one innych zasobów i podmiotów decyzji.","F253 ujmuje wyjazd jako bilans dochodu wobec jakości pracy i więzi, natomiast F387 pokazuje, że brak perspektyw powrotu może przekształcić tymczasowy wyjazd w sposób zabezpieczania podstawowego utrzymania. Oba kody opisują migrację jako zależną od tego, czy pozwala ona podtrzymać życie bez nadmiernego uszczerbku w innych jego wymiarach.","W odróżnieniu od C01 centralne są tu warunki, koszty i konsekwencje podtrzymywania życia w mobilności, a nie sama nierówność szans między miejscami, która inicjuje lub legitymizuje wyjazd.",cluster,candidate,2
S35,T03,mobilność jako warunkowe przekształcanie dostępu do pracy i usług,Transnarodowe kalibrowanie standardów instytucjonalnych,"Doświadczenie zagraniczne działa jako punkt odniesienia do oceny jakości pracy, ochrony socjalnej i sprawności instytucji w kraju. Sednem nie jest tu wykorzystanie mobilności do uzyskania konkretnego zasobu, lecz poznawcze i normatywne przedefiniowanie tego, co uznaje się za akceptowalny standard.","Włączaj fragmenty zawierające jawne porównanie kraju, instytucji lub warunków pracy za granicą z sytuacją krajową, służące ocenie praw pracowniczych, stresu, czasu pracy, świadczeń albo działania państwa.","Nie włączaj samego wyjazdu dla zarobku, dostępu do leczenia ani decyzji o pozostaniu za granicą. Wykluczaj porównania płac, jeśli nie prowadzą do oceny szerszego porządku instytucjonalnego lub standardu pracy.","Mobilność wytwarza perspektywę porównawczą, dzięki której krajowe warunki pracy i instytucje są oceniane według standardów poznanych poza krajem.",W przeciwieństwie do C02 porównanie nie służy tu bezpośrednio bilansowaniu własnej decyzji migracyjnej i bezpieczeństwa życiowego. W przeciwieństwie do F394 nie opisuje też praktycznego skorzystania z zagranicznej usługi.,standalone_candidate,needs_review,1
S36,T03,mobilność jako warunkowe przekształcanie dostępu do pracy i usług,Arbitraż regulacyjny działalności gospodarczej,"Podmioty gospodarcze przemieszczają firmę, rejestrację lub inwestycje między państwami, aby korzystać z korzystniejszych zasad podatkowych, składkowych lub inwestycyjnych. Mobilność staje się tu narzędziem zmiany otoczenia reguł, a nie indywidualną strategią zatrudnienia.","Włączaj fragmenty opisujące realne lub przewidywane przenoszenie przedsiębiorstw, rejestracji, kapitału albo inwestycji za granicę i wiążące ten ruch z podatkami, składkami, ulgami, strefami ekonomicznymi lub innymi regułami gospodarczymi.","Nie włączaj indywidualnych wyjazdów zarobkowych, nawet gdy motywuje je wyższa płaca. Wykluczaj również ogólną krytykę polityki gospodarczej, jeśli nie obejmuje ona przepływu działalności, kapitału lub inwestycji między miejscami.","Różnice regulacyjne między państwami umożliwiają podmiotom gospodarczym wybór miejsca prowadzenia działalności, z konsekwencjami dla lokalnego rynku pracy i bazy gospodarczej.","W odróżnieniu od C01 i C02 podmiotem mobilności jest firma lub inwestycja, zaś bezpośrednio poszukiwanym zasobem są korzystniejsze reguły gospodarcze, nie praca lub bezpieczeństwo życiowe jednostki.",standalone_candidate,needs_review,1
S37,T03,mobilność jako warunkowe przekształcanie dostępu do pracy i usług,Obchodzenie barier opieki przez mobilność,"Mobilność transnarodowa służy praktycznemu zastąpieniu niedostępnej, opóźnionej lub zbyt kosztownej opieki krajowej leczeniem uzyskanym za granicą. Przemieszczenie jest tu sposobem odzyskania dostępu do pilnej usługi zdrowotnej.","Włączaj fragmenty, w których osoba faktycznie korzysta, planuje skorzystać lub musi skorzystać z leczenia poza krajem z powodu braku ubezpieczenia, długiego oczekiwania, niedostępności świadczenia albo kosztu krajowej opieki.","Nie włączaj ogólnej krytyki systemu zdrowia bez transnarodowego działania ani porównań zagranicznych systemów bez uzyskiwania leczenia. Wykluczaj także wyjazdy związane przede wszystkim z pracą, dochodem lub relacjami rodzinnymi.",Przekroczenie granicy działa jako indywidualne obejście krajowej luki ubezpieczeniowej lub organizacyjnej w dostępie do leczenia.,"W odróżnieniu od F388 mobilność nie jest tu źródłem porównawczej oceny instytucji, lecz konkretną praktyką uzyskania świadczenia. W odróżnieniu od C02 celem nie jest organizacja utrzymania przez migrację zarobkową, ale dostęp do opieki zdrowotnej.",standalone_candidate,needs_review,1
S38,T04,składanie zasobów w warunkową infrastrukturę utrzymania,Składanie dochodu z portfela zajęć,"Utrzymanie i możliwość kontynuowania wybranej ścieżki są osiągane przez łączenie dochodów z kilku prac, zleceń, świadczeń lub aktywności. Wielość źródeł kompensuje niewystarczalność pojedynczego zarobku, ale może rozpraszać pracę i opóźniać samodzielność specjalizacji.","Włączać, gdy fragment pokazuje co najmniej dwa źródła zarobku lub pracy albo dodatkową aktywność wyraźnie podjętą dlatego, że jedno źródło nie wystarcza do utrzymania lub finansowania rozwijanej specjalizacji. Źródła muszą pełnić praktyczną funkcję bieżącego podtrzymania.","Nie włączać samego doświadczenia niedoboru pieniędzy bez opisu sposobu jego kompensowania ani pracy dorywczej, która prowadzi przede wszystkim do trwałej stabilizacji jednego zatrudnienia. Nie włączać też współpracy tworzącej jeden konkretny dodatkowy zarobek, jeśli nie ma logiki portfela źródeł.","Przypisane kody opisują tę samą adaptację do dochodowej niepełności: zamiast polegać na jednym zatrudnieniu, osoba utrzymuje się dzięki zestawianiu aktywności i wpływów, często chroniąc przy tym mniej dochodową, lecz ważną ścieżkę zawodową.","W odróżnieniu od C02 centrum stanowi aktywne organizowanie wielości źródeł, a nie sama presja i skutki ekonomicznej niewystarczalności. Od C07 różni się tym, że chodzi o podtrzymanie utrzymania, nie o uruchamianie przedsięwzięcia lub projektu.",cluster,candidate,3
S39,T04,składanie zasobów w warunkową infrastrukturę utrzymania,Doświadczanie utraty ekonomicznego oparcia,"Niewystarczający, utracony lub opóźniony dochód podkopuje możliwość utrzymania i realizacji planowanej ścieżki. Ekonomiczna kruchość ujawnia się zarówno jako presja biograficzna, jak i bezpośrednia utrata płynności, mieszkania lub zdolności do przejścia między pracami.","Włączać, gdy brak, spadek lub nieregularność środków jest wyraźnie połączona ze stresem, koniecznością zmiany planów, zadłużeniem, problemem opłacenia koniecznych kosztów, dostępem do mieszkania albo ograniczeniem mobilności zawodowej.","Nie włączać bieżącego planowania wydatków, jeżeli nie pokazano naruszenia podstaw ekonomicznego utrzymania. Nie włączać też opisu wielu źródeł dochodu, rezerw lub pomocy, jeśli fragment nie koncentruje się na konsekwencjach ich niedostatku.","Oba kody ujmują dochód nie jako abstrakcyjną miarę zasobności, lecz jako warunek możliwości kontynuowania edukacji, pracy i codziennego funkcjonowania; jego utrata przenosi ryzyko na przebieg biografii.","W odróżnieniu od C01 opisuje problem ekonomiczny i jego konsekwencje, a nie strategię składania dochodów. W odróżnieniu od C03 nie dotyczy świadomego regulowania marginesu finansowego, lecz sytuacji, w której ten margines zostaje naruszony lub zanika.",cluster,candidate,2
S40,T04,składanie zasobów w warunkową infrastrukturę utrzymania,Regulowanie marginesu finansowego,"Ograniczone środki są aktywnie porządkowane w czasie przez selekcję wydatków, odkładanie decyzji i wyobrażanie przyszłego zapasu. Margines finansowy staje się praktycznym narzędziem określania, co jest obecnie możliwe, a co trzeba przesunąć lub ograniczyć.","Włączać, gdy osoba odnosi dochody, oszczędności lub przewidywane środki do konkretnych decyzji o ograniczaniu, przesuwaniu, hierarchizowaniu wydatków albo odkładaniu pieniędzy na przyszłe potrzeby. Musi być widoczna czynność zarządzania relacją między zasobami a kosztami.","Nie włączać samego wyczerpania środków, zaległości lub braku mieszkania bez decyzji budżetowej. Nie włączać materialnego albo instytucjonalnego bufora, gdy fragment dotyczy korzystania z już dostępnego zabezpieczenia, a nie zarządzania budżetem.","Kody łączy praktyka przekształcania niepewnego lub ograniczonego dochodu w kontrolowany plan wydatków i rezerw; różnią się horyzontem czasowym, ale nie podstawową logiką regulowania finansowego marginesu.","W odróżnieniu od C02 chodzi o sprawcze zarządzanie ograniczeniem, a nie o jego niszczące skutki. W odróżnieniu od C04 rezerwa jest tu przedmiotem planowania i oszczędzania, a nie już uruchomionym materialnym lub instytucjonalnym zabezpieczeniem.",cluster,candidate,2
S41,T04,składanie zasobów w warunkową infrastrukturę utrzymania,Uruchamianie buforów bezpieczeństwa,"Niepewność dochodowa i przejściowość pracy są łagodzone przez zasoby, które redukują koszty życia lub zapewniają ochronę w razie załamania: niepieniężny dostęp, oszczędności, kredyt, ubezpieczenie czy świadczenie. Bufor zmniejsza bezpośrednią zależność od bieżącego zarobku.","Włączać, gdy konkretny zasób materialny lub instytucjonalny jest używany jako rezerwa, awaryjne źródło, ochrona dostępu do opieki albo sposób ograniczenia kosztów utrzymania w okresie niepewności. Fragment powinien wskazywać ochronną funkcję zasobu.","Nie włączać zwykłego dochodu przeznaczanego na bieżące wydatki ani samego oszczędzania bez wskazania funkcji buforowej. Nie włączać pomocy bliskich, gdy podstawowym mechanizmem jest relacyjna zależność lub wzajemność, a nie materialny bądź instytucjonalny instrument zabezpieczenia.",Przypisane kody opisują przeformułowanie zasobów innych niż regularna pensja w ochronę przed skutkami niepewności: poprzez obniżenie koniecznych kosztów albo stworzenie awaryjnego oparcia.,"W odróżnieniu od C03 dotyczy faktycznie dostępnych i uruchamianych zabezpieczeń, nie samego sterowania budżetem. W odróżnieniu od C06 źródłem ochrony nie jest przede wszystkim relacja wsparcia, lecz materialny lub instytucjonalny zasób.",cluster,candidate,2
S42,T04,składanie zasobów w warunkową infrastrukturę utrzymania,Otwieranie możliwości przez sieci,"Kontakty i usytuowanie poza lokalnym otoczeniem są przekładane na dostęp do ofert, informacji, klientów, edukacji lub pracy. Relacje działają jako pośrednicząca infrastruktura, która czyni możliwości osiągalnymi, zamiast jedynie wspierać osobę w kryzysie.","Włączać, gdy wskazana relacja, sieć albo dostęp przestrzenny prowadzi do uzyskania informacji, rekomendacji, klienta, pracy, praktyki, edukacji lub rozwiązania finansującego możliwość. Musi być widoczny mechanizm otwarcia dostępu, a nie wyłącznie posiadanie znajomych.","Nie włączać wsparcia finansowego, emocjonalnego lub opiekuńczego od bliskich, jeśli nie otwiera ono nowej możliwości działania. Nie włączać też wspólnego wytwarzania dochodu lub rozwijania własnej działalności, gdy relacje są przede wszystkim współpracownikami przedsięwzięcia.","Wszystkie przypisane F ukazują relacje jako praktyczny kanał dystrybucji dostępu: umożliwiają wejście do zatrudnienia, pozyskanie informacji i klientów albo przejście przez bariery edukacyjne i finansowe.","W odróżnieniu od C06 relacja przede wszystkim otwiera zewnętrzną możliwość, a nie osłania osobę w przejściu lub kryzysie. W odróżnieniu od C07 sieć dostarcza dostępu do okazji, ale nie musi jeszcze współtworzyć własnego projektu lub dochodu.",cluster,candidate,4
S43,T04,składanie zasobów w warunkową infrastrukturę utrzymania,Relacyjne zabezpieczanie przejść,"Bliscy i trwalsze sieci są uruchamiani jako zaplecze przejść życiowych: dostarczają pieniędzy, wiedzy, mieszkania, kontaktów, wzajemnej pomocy lub oczekiwanego wsparcia w razie ryzyka. Takie oparcie ułatwia działanie, ale może przesuwać koszt niepewności na relacje i podtrzymywać zależność.","Włączać, gdy rodzina, partner, znajomi lub wspólnota konkretnie umożliwiają poradzenie sobie z przeprowadzką, kryzysem, zmianą pracy, finansowaniem ryzyka lub orientacją w nowym etapie. Wsparcie musi mieć praktyczne znaczenie dla utrzymania, przejścia albo dalszej zdolności działania.","Nie włączać pojedynczej rekomendacji prowadzącej przede wszystkim do pracy lub edukacji, jeśli nie ma szerszej funkcji zabezpieczającej. Nie włączać zwykłego podtrzymywania kontaktów towarzyskich ani instytucjonalnych świadczeń niezapośredniczonych przez relację.","Kody łączy to, że ryzyko nie jest obsługiwane wyłącznie indywidualnie: zostaje rozłożone między osoby i sieci, które dostarczają zasobów, ciągłości oraz możliwości przetrwania przejścia.","W odróżnieniu od C05 relacje są tu przede wszystkim oparciem w niepewności, nie kanałem otwierającym konkretną ofertę lub pozycję. W odróżnieniu od C04 zabezpieczenie ma przede wszystkim relacyjne źródło, nawet gdy przybiera postać pieniędzy lub mieszkania.",cluster,candidate,5
S44,T04,składanie zasobów w warunkową infrastrukturę utrzymania,Przekuwanie zasobów w działanie,"Wcześniejsze kompetencje, narzędzia, kontakty i współpraca są przekształcane w zdolność uruchomienia projektu, własnej aktywności albo dodatkowego dochodu. Zasób nie jest tu biernym zapleczem, lecz zostaje praktycznie użyty do wytworzenia działania i jego rezultatów.","Włączać, gdy fragment wskazuje, że doświadczenie, pasja, infrastruktura, sieć lub współpraca są bezpośrednio wykorzystane do rozpoczęcia, podtrzymania albo rozwijania projektu, działalności, produkcji, sprzedaży lub dodatkowego zarobku. Musi być widoczny związek między uruchomionym zasobem a realizowanym działaniem.","Nie włączać wykorzystywania kontaktów wyłącznie do otrzymania etatu, informacji lub rekomendacji. Nie włączać wielości prac służącej przede wszystkim pokryciu kosztów utrzymania ani samego posiadania umiejętności lub narzędzi bez ich użycia.","Przypisane kody są przypadkami produktywnego przekształcania dostępnych zasobów w aktywność: biograficzna ciągłość kompetencji, współpraca i infrastruktura pozwalają tworzyć dochód lub realizować własne przedsięwzięcia mimo ograniczonych warunków startu.","W odróżnieniu od C01 celem nie jest przede wszystkim złożenie bieżącego utrzymania z wielu źródeł, lecz wytworzenie działania lub przedsięwzięcia. W odróżnieniu od C05 relacje i zasoby są tu współtworzywem projektu, a nie jedynie drogą dostępu do zewnętrznej możliwości.",cluster,candidate,4
S45,T04,składanie zasobów w warunkową infrastrukturę utrzymania,Usamodzielnianie się przez zarabianie,Praca i pierwsze zarobki są interpretowane jako proces zdobywania odpowiedzialności za własne decyzje oraz oddzielania się od finansowej zależności od rodziny.,"Włączać, gdy praca lub pieniądze są wyraźnie przedstawiane jako lekcja samodzielności, zarządzania własnymi zasobami albo uniezależniania się od rodziców.","Nie włączać samego składania utrzymania, korzystania z pomocy rodziny ani zarządzania budżetem, gdy nie pojawia się znaczenie podmiotowej samodzielności.","Praca działa jako doświadczenie podmiotowego usamodzielnienia, nie tylko jako źródło zasobów.","Różni się od C01-C04, ponieważ koncentruje się na formowaniu autonomii i odpowiedzialności, a nie na technikach zapewnienia utrzymania lub ochrony przed ryzykiem.",standalone_candidate,needs_review,1
S46,T04,składanie zasobów w warunkową infrastrukturę utrzymania,Moralne ocenianie pracy przez rodzinę,"Rodzinne wzorce pracowitości i zasługiwania stają się miarą, przez którą osoba ocenia własną aktywność, bierność, zarobki i odpowiedzialność.","Włączać, gdy rodzinne przekazy lub przykład pracy bliskich są explicite używane do wartościowania własnego stosunku do pracy lub utrzymania.","Nie włączać praktycznej pomocy rodziny, rodzinnego finansowania przejścia ani zwykłego opisu pracy rodziców bez odniesienia do własnej oceny normatywnej.","Relacja rodzinna organizuje moralne znaczenie pracy, a nie bezpośrednio infrastrukturę utrzymania.","Różni się od C06, ponieważ rodzina działa tu jako źródło norm i samokontroli, nie jako praktyczne zaplecze zasobów.",standalone_candidate,needs_review,1
S47,T04,składanie zasobów w warunkową infrastrukturę utrzymania,Stabilizowanie zatrudnienia przez rozszerzanie zaangażowania,"Ograniczone, dorywcze lub rozproszone zatrudnienie przechodzi stopniowo w bardziej ciągłą i regularną formę pracy.","Włączać, gdy fragment dokumentuje sekwencję od stażu, sezonu, zleceń, małego wymiaru lub wielu miejsc ku większej regularności, wymiarowi, formalizacji albo pozostaniu w jednym miejscu.",Nie włączać wielości zajęć bez przejścia ku stabilności ani pojedynczego rozpoczęcia pracy bez pokazanej zmiany formy zatrudnienia w czasie.,Stabilność jest wytwarzana jako sekwencja rozszerzania i utrwalania relacji pracy.,"Różni się od C01, które kompensuje niestabilność przez równoległość źródeł; tutaj mechanizm polega na redukowaniu tej równoległości przez konsolidację zatrudnienia.",standalone_candidate,needs_review,1
S48,T04,składanie zasobów w warunkową infrastrukturę utrzymania,Podtrzymywanie życia towarzyskiego pod presją czasu,Relacje towarzyskie są celowo organizowane i podtrzymywane mimo ograniczeń czasu oraz natłoku obowiązków.,"Włączać, gdy osoba opisuje planowanie wspólnej obecności, spotkań lub czasu dla znajomych jako warunek utrzymania relacji.","Nie włączać relacji używanych do zdobycia pracy, pieniędzy, mieszkania, informacji lub wsparcia w przejściu.","Kod opisuje reprodukcję życia relacyjnego, nie składanie warunkowej infrastruktury utrzymania.","Różni się od C06, ponieważ więź jest tu wartością samą w sobie i przedmiotem troski, a nie zasobem praktycznie mobilizowanym dla utrzymania lub przejścia.",standalone_candidate,needs_review,1
S49,T04,składanie zasobów w warunkową infrastrukturę utrzymania,Opiekuńcze podtrzymywanie więzi rodzinnych,"Osoba utrzymuje więź rodzinną poprzez obecność, opiekę i przejmowanie odpowiedzialności wobec bliskiego w trudnej sytuacji.","Włączać, gdy fragment opisuje konkretne działania opiekuńcze, wspieranie członka rodziny lub organizowanie obecności jako odpowiedź na jego kryzys albo potrzebę.","Nie włączać otrzymywania wsparcia od rodziny, mobilizowania jej zasobów dla własnego przejścia ani samego deklarowania rodzinnej bliskości.","To praktyka opieki i odpowiedzialności rodzinnej, a nie mobilizowanie zasobów dla własnej infrastruktury utrzymania.","Różni się od C06 kierunkiem i funkcją relacji: tutaj badany świadczy opiekę dla podtrzymania bliskiego, podczas gdy C06 ujmuje relacje jako zaplecze umożliwiające własne przejście lub utrzymanie.",standalone_candidate,needs_review,1
S50,T05,upolitycznianie warunków życia i warunkowe uczestnictwo zbiorowe,Ocenianie ładu przez rozkład obciążeń,"Instytucje publiczne są oceniane przez sposób rozłożenia ciężarów fiskalnych oraz przez to, czy obieg wpłat i świadczeń jest postrzegany jako zrozumiały, wzajemny i sprawiedliwy. W centrum znajduje się legitymizacja publicznego ładu przez relację między wkładem obywateli a otrzymywanym wsparciem.","Włączaj fragmenty, które odnoszą podatki, składki, świadczenia lub formalne obowiązki do nierównego traktowania grup, redystrybucji środków albo wzajemnej odpowiedzialności obywateli i państwa. Wymagane jest odniesienie do publicznych reguł przepływu zasobów, a nie wyłącznie do prywatnego kosztu prowadzenia działalności.","Nie włączaj opisów niedoboru miejsc pracy, jakości zarządzania gospodarką ani niepewności zatrudnienia, jeśli nie dotyczą one rozkładu fiskalnych lub świadczeniowych obciążeń. Wyłączaj także postulaty zmian prawa skoncentrowane na przyszłym urządzeniu warunków życia, gdy nie zawierają oceny istniejącej dystrybucji wkładów i wsparcia.","Oba kody ujmują państwo nie jako abstrakcyjną władzę, lecz jako system organizujący przepływ obowiązków i zasobów; ocena jego sprawiedliwości zależy od tego, kto ponosi ciężar oraz kto i na jakich zasadach korzysta ze wsparcia.","W odróżnieniu od C02 kod ten dotyczy oceny aktualnego rozkładu ciężarów i świadczeń, a nie projektowania pożądanego instytucjonalnego kształtu pracy i życia.",cluster,candidate,2
S51,T05,upolitycznianie warunków życia i warunkowe uczestnictwo zbiorowe,Projektowanie publicznych gwarancji życiowych,"Warunki pracy i życia są przedstawiane jako rezultat możliwy do aktywnego ukształtowania przez państwo, prawo i pracodawców. Kod obejmuje postulowanie publicznych gwarancji dostępu, ciągłości, ochrony oraz godnych możliwości życiowych.","Włączaj wypowiedzi zawierające oczekiwanie, propozycję lub normatywny obraz regulacji publicznej odnoszącej się do zatrudnienia, dochodu, edukacji, rodziny, emerytury albo działalności gospodarczej. Fragment powinien wskazywać instytucję, prawo, pracodawcę lub regułę publiczną jako podmiot odpowiedzialny za organizację tych warunków.","Nie włączaj samego opisu złych warunków pracy lub niskich zarobków bez postulatu albo wizji instytucjonalnej zmiany. Wyłączaj krytykę podatków i składek, gdy dotyczy przede wszystkim nierównego obciążenia, oraz praktyczną pomoc oddolną niewiązaną z reorganizacją reguł publicznych.","F232 i F331 łączy przekonanie, że bezpieczeństwo i możliwość prowadzenia życia nie powinny zależeć wyłącznie od indywidualnego radzenia sobie, lecz od celowo urządzonego ładu instytucjonalnego.","W odróżnieniu od C01 jest to kod prospektywny i projektujący: określa, jak instytucje powinny organizować możliwości życiowe, zamiast oceniać aktualny rozkład danin i świadczeń.",cluster,candidate,2
S52,T05,upolitycznianie warunków życia i warunkowe uczestnictwo zbiorowe,Przekształcanie zaangażowania w sprawstwo pomocowe,"Działanie zbiorowe staje się źródłem sprawstwa, gdy uczestnictwo w organizacjach, relacjach i projektach pozwala praktycznie wspierać innych, uruchamiać zasoby oraz poszerzać własną rolę. Zaangażowanie jest tu rozumiane jako wykonywanie użytecznej pracy społecznej i rozwijanie zdolności do jej organizowania.","Włączaj opisy wolontariatu, organizacji lub inicjatyw, w których uczestnictwo prowadzi do zdobywania kontaktów, kompetencji, kolejnych ról, koordynowania działań albo bezpośredniego udostępniania pomocy i infrastruktury innym. Fragment powinien pokazywać praktyczny efekt działania wykraczający poza samą deklarację przynależności.","Nie włączaj opisów ograniczania, odkładania lub niepodejmowania uczestnictwa z powodu pracy, czasu lub braku miejsca w organizacji. Wyłączaj też zależność inicjatyw od finansowania publicznego, jeśli tekst nie dotyczy wykonywania pomocy ani rozwijania sprawstwa uczestników.",F312 i F332 są przypadkami tego samego procesu: relacyjne wejście w zorganizowane działanie przekłada zasoby jednostki i organizacji na realną zdolność wspierania innych oraz rozszerzania zakresu działania.,"W odróżnieniu od C05 kod ten opisuje rozwój i praktyczne urzeczywistnianie sprawstwa, nie warunki blokujące lub kalibrujące dostęp do uczestnictwa. W odróżnieniu od C06 nie dotyczy relacji działania z politycznym finansowaniem i autonomią.",cluster,candidate,2
S53,T05,upolitycznianie warunków życia i warunkowe uczestnictwo zbiorowe,Warunkowanie dostępności uczestnictwa,"Uczestnictwo zbiorowe nie jest stałą dyspozycją jednostki, lecz zmiennym rezultatem jej sytuacji biograficznej, warunków pracy, dostępności struktur, poczucia przynależności i społecznego ryzyka działania. Kod obejmuje zarówno brak możliwości wejścia w działanie, jak i regulowanie jego intensywności.","Włączaj fragmenty, w których rozpoczęcie, odroczenie, ograniczenie, zaniechanie albo zmiana zaangażowania w protest, związek, organizację lub inną aktywność zbiorową zostają powiązane z czasem, pracą, stabilnością, brakiem struktur, obawą, pozycją organizacyjną albo brakiem identyfikacji z grupą. Wymagane jest wskazanie warunku uczestnictwa lub nieuczestnictwa.","Nie włączaj skutecznego rozwijania roli organizacyjnej ani praktycznej pomocy, jeśli nie są one przedstawione jako problem dostępu do działania. Wyłączaj ogólne deklaracje polityczne oraz sam fakt braku udziału, gdy fragment nie podaje jego warunków.","F317 i F329 pokazują, że udział zbiorowy jest negocjowany na styku ograniczeń strukturalnych oraz indywidualnej pozycji w biografii i organizacji; gotowość nie wystarcza bez dostępnej roli, czasu, bezpieczeństwa i możliwości współdziałania.","W odróżnieniu od C04 C05 analizuje progi, bariery i regulację wejścia w działanie, a nie przekształcanie już podjętego zaangażowania w sprawstwo. W odróżnieniu od C06 źródłem warunkowości są tu przede wszystkim zasoby i pozycja uczestnika, nie relacja inicjatywy z władzą polityczną.",cluster,candidate,2
S54,T05,upolitycznianie warunków życia i warunkowe uczestnictwo zbiorowe,Negocjowanie politycznej zależności działania,"Inicjatywy zbiorowe określają swoją możliwość działania w relacji do polityki: mogą być uzależnione od decyzji, finansowania i priorytetów władzy albo aktywnie wyznaczać granice wobec politycznych korzyści i wpływu. Wspólnym mechanizmem jest organizowanie działania przez zarządzanie relacją między zasobami a autonomią.","Włączaj fragmenty, w których decyzje rządu, zmiany polityczne, konkursy, finansowanie, przywileje lub symboliczne związki z partią wpływają na kontynuację, znaczenie albo niezależność działania społecznego. Fragment musi przedstawiać politykę jako źródło zasobu, presji lub granicy dla inicjatywy.","Nie włączaj samego uczestnictwa w polityce, demonstracji lub organizacji bez kwestii wpływu politycznego na zasoby albo autonomię. Wyłączaj oddolną pomoc i organizowanie infrastruktury, jeśli relacja z władzą, finansowaniem lub politycznym uwikłaniem nie jest obecna.",F321 i F334 ujawniają dwa bieguny tej samej relacji: działanie może być narażone na zależność od politycznych zasobów albo może chronić swoje znaczenie przez odmowę politycznego zawłaszczenia.,"W odróżnieniu od C05 nie chodzi o biograficzne i organizacyjne progi uczestnictwa jednostki, lecz o zewnętrzną relację całego działania z polityczną władzą i jej zasobami. W odróżnieniu od C04 nie jest to kod praktycznej pomocy, lecz zarządzania warunkami jej niezależnego prowadzenia.",cluster,candidate,2
S55,T05,upolitycznianie warunków życia i warunkowe uczestnictwo zbiorowe,Strukturalizowanie niepewności pracy,"Trudności z dostępem do pracy i jakością zatrudnienia są wyjaśniane jako skutek organizacji rynku, gospodarki i szerszej pozycji strukturalnej, a nie jako jednostkowe niepowodzenie. Takie ujęcie upolitycznia doświadczenie pracy przez przeniesienie odpowiedzialności na poziom publicznego ładu gospodarczego.","Włączaj fragmenty wiążące brak pracy, ograniczone szanse, złą jakość zatrudnienia lub trwałość niekorzystnych warunków z niedoborem możliwości, zarządzaniem gospodarką, strukturą rynku albo pozycją kraju. Musi być widoczna generalizacja poza pojedyncze stanowisko lub pracodawcę.","Nie włączaj postulatów konkretnych gwarancji, regulacji czy świadczeń, jeśli fragment nie zawiera strukturalnej diagnozy rynku pracy. Wyłączaj indywidualne konflikty płacowe, doświadczenia jednego miejsca pracy oraz oceny redystrybucji podatków i składek.",Prywatnie doświadczane trudności zatrudnieniowe zostają odczytane jako efekt szerszego układu gospodarczego i organizacji rynku pracy.,"W odróżnieniu od C02 kod diagnozuje ponadindywidualne źródło niepewności pracy, zamiast projektować instytucjonalne rozwiązanie. W odróżnieniu od C01 nie koncentruje się na obiegu danin, składek i świadczeń.",standalone_candidate,needs_review,1
S56,T06,wartościujące oswajanie i selekcjonowanie pracy,Ustanawianie materialnego bezpieczeństwa,"Warunki zatrudnienia i dochód są wartościowane przez ich zdolność do podtrzymania życia: utrzymania gospodarstwa domowego, mieszkania, oszczędzania oraz planowania zobowiązań. W tym ujęciu praca jest akceptowalna lub godna o tyle, o ile tworzy praktyczną podstawę życiowej stabilności.","Włączaj fragmenty, w których rozmówca wiąże ciągłość lub wysokość dochodu, formę zatrudnienia albo koszty mieszkania z możliwością utrzymania się, uniknięcia bieżącego niedoboru, odkładania pieniędzy, uzyskania kredytu lub planowania rodziny i zobowiązań.","Nie włączaj oceny konkretnej płacy jako sprawiedliwej lub niesprawiedliwej wobec nakładu pracy albo innych zarobków, jeśli nie dotyczy ona bezpieczeństwa życiowego. Wyłączaj też decyzje o zmianie pracy podejmowane z powodu dochodu, gdy centralna jest selekcja ścieżki zawodowej.","Przypisane kody pokazują, że pieniądze nie są tu jedynie kwotą ani nagrodą za pracę, lecz zasobem umożliwiającym trwałe organizowanie życia i ograniczanie ryzyka.","W odróżnieniu od C02 nie dotyczy relacyjnej adekwatności stawki lub składników płacy, lecz funkcjonalnej wystarczalności dochodu dla stabilności. W odróżnieniu od C07 nie opisuje decyzji przejścia zawodowego, lecz ocenę warunków życiowych.",cluster,candidate,3
S57,T06,wartościujące oswajanie i selekcjonowanie pracy,Ocenianie adekwatności wynagrodzenia,"Wynagrodzenie zyskuje znaczenie przez ocenę jego poziomu, zmienności i źródeł wobec pracy, potrzeb oraz innych punktów odniesienia. Kod ujmuje przejście od nominalnej kwoty lub składnika płacy do osądu, czy uzyskany dochód jest wystarczający, adekwatny albo nieadekwatny.","Włączaj wypowiedzi, które oceniają stawkę, świadczenie, prowizję, napiwki, dodatki lub całą wypłatę przez odniesienie do nakładu, odpowiedzialności, potrzeb, kosztów, wcześniejszych dochodów, wartości pieniądza albo dochodów innych osób. Włączaj także wtedy, gdy zmienne składniki są wskazane jako przyczyna istotnej różnicy w bieżącym dochodzie i tej różnicy przypisuje się znaczenie ocenne.","Nie włączaj samego podania kwoty, rodzaju dodatku lub informacji o niskiej płacy bez oceny jej znaczenia. Nie włączaj oceny, czy dochód pozwala stabilizować mieszkanie i życie w dłuższym czasie, jeśli brak osądu adekwatności samego wynagrodzenia.","Oba kody ujmują płacę jako oceniany rezultat pracy, a nie neutralny fakt: jej wartość jest wytwarzana przez zestawienie kwoty i jej składników z tym, co praca oraz życie mają kosztować.","W odróżnieniu od C01 centralne jest wartościowanie samego wynagrodzenia i jego składowych, nie zabezpieczająca organizacja życia. W odróżnieniu od C05 nie dotyczy moralnego prawa do dochodu lub wsparcia.",cluster,candidate,2
S58,T06,wartościujące oswajanie i selekcjonowanie pracy,Oswajanie prekarnych układów,"Rozpoznana niepewność lub niedogodność zatrudnienia zostaje osłabiona przez przyzwyczajenie, oczekiwanie poprawy albo bilansowanie jej korzyściami. Proces ten zawiesza presję na zmianę, pozwalając funkcjonować w warunkach uznawanych zarazem za problematyczne i częściowo akceptowalne.","Włączaj fragmenty, w których rozmówca zarazem rozpoznaje niestabilność, pogorszenie lub nieokreśloność i przedstawia ją jako znośną, przejściową, normalną albo równoważoną przez płacę, ochronę czy inne warunki. Konieczne jest wskazanie procesu akceptacji lub odroczenia zmiany.","Nie włączaj samego opisu niepewnej umowy, niskiej płacy lub braku perspektyw. Wyłączaj także aktywne odrzucanie pracy, zmianę zatrudnienia albo ocenę bezpieczeństwa życiowego bez normalizowania sytuacji.","Kody łączy mechanizm adaptacyjnego wartościowania: niekorzystne warunki nie znikają, ale zostają przeinterpretowane tak, by bieżący układ można było utrzymać.","W odróżnieniu od C01 chodzi o akceptowanie niepewnego układu, a nie o ustalanie, czy dochód daje stabilność. W odróżnieniu od C07 nie prowadzi to do selekcji lub zmiany opcji zawodowej, lecz do jej zawieszenia.",cluster,candidate,2
S59,T06,wartościujące oswajanie i selekcjonowanie pracy,Mapowanie nierównej pozycji,"Porównania zasobów, zawodów, stylów życia i biografii służą rozpoznawaniu własnej pozycji wobec innych oraz wyznaczaniu społecznych granic wspólnoty, statusu i szans. Nierówność jest tu interpretowana jako relacyjna różnica, która może kształtować poczucie przynależności i kontakt z innymi.","Włączaj fragmenty zestawiające co najmniej dwie osoby, grupy, zawody, style życia lub trajektorie, jeśli na tej podstawie rozmówca interpretuje status, klasę, szanse, własne usytuowanie albo trudność utrzymania relacji. Włączaj, gdy różnica zasobów jest wskazana jako źródło dystansu relacyjnego.","Nie włączaj porównywania kosztów i dochodów wyłącznie dla ustalenia własnej stabilności materialnej. Wyłączaj porównania płac służące tylko ocenie adekwatności wynagrodzenia oraz moralne oceny, kto zasłużył na zasoby, jeśli brak rozpoznania relacyjnej pozycji.","Przypisane kody traktują porównanie jako praktykę społeczną: pozwala ono nie tylko zauważyć różnicę, ale ustalić granice między pozycjami oraz ich konsekwencje dla więzi i samoidentyfikacji.","W odróżnieniu od C05 pozycja nie jest oceniana przede wszystkim przez moralne zasługiwanie na dochód. W odróżnieniu od C02 i C01 porównanie nie służy kalkulacji płacy lub własnego utrzymania, lecz usytuowaniu wobec innych.",cluster,candidate,3
S60,T06,wartościujące oswajanie i selekcjonowanie pracy,Moralne rozdzielanie zasług,"Dostęp do dochodu, wsparcia i wyższej pozycji materialnej jest oceniany przez normy pracy, samowystarczalności, uczciwości i wkładu. Mechanizm ten odróżnia zasoby uznane za zapracowane lub usprawiedliwione od tych przedstawianych jako niezasłużone.","Włączaj fragmenty przypisujące komuś prawo lub brak prawa do pieniędzy, świadczeń, pomocy, publicznych zasobów albo wyższego statusu przez odwołanie do pracy, wysiłku, kompetencji, legalności, uczciwości, samodzielności lub wzajemności.","Nie włączaj krytyki niskiego wynagrodzenia bez oceny zasługiwania. Wyłączaj również opisy nierówności statusowych, jeśli nie zawierają normatywnego rozróżnienia między zapracowanym a nieuprawnionym dostępem do zasobów.","Oba kody pokazują, że materialne różnice nie są traktowane jako neutralne: zostają moralnie uporządkowane przez przypisanie odpowiedzialności za ich uzyskanie.","W odróżnieniu od C04 główne pytanie brzmi nie „jakie miejsce ktoś zajmuje wobec innych?”, lecz „czy jego dostęp do zasobów jest zasłużony?”. W odróżnieniu od C02 nie chodzi o adekwatność kwoty do pracy, ale o moralne uprawnienie do niej.",cluster,candidate,2
S61,T06,wartościujące oswajanie i selekcjonowanie pracy,Równoważenie jakości pracy i życia,"Wartość pracy powstaje przez zestawianie jej pozamaterialnych jakości — sensu zadań, uznania, autonomii, przyjemności i rozwoju — z granicami życia osobistego oraz potrzebą dochodu. Praca godna lub dobra nie jest tu redukowana ani do zarobku, ani do samego spełnienia.","Włączaj wypowiedzi wartościujące pracę przez jej treść, realność zadań, relacje, uznanie, samodzielność, satysfakcję, rozwój lub zgodność z oczekiwaniami. Włączaj także, gdy te dobra są ważone wobec dochodu, czasu, rodziny, odpoczynku albo granic moralnych i osobistych.",Nie włączaj samej oceny bezpieczeństwa dochodu lub poziomu płacy bez pozamaterialnego kryterium. Wyłączaj także opis relacji albo zadań bez wyraźnego osądu wartości pracy oraz decyzje o odrzuceniu konkretnej opcji zatrudnienia.,"Przypisane kody łączy przekonanie, że akceptowalność pracy zależy od jej dopasowania do szerzej rozumianego dobrego życia: doświadczenia pracy, podmiotowości i ochrony sfery pozazawodowej.","W odróżnieniu od C01 i C02 dochód jest tu jednym z konkurujących dóbr, a nie samodzielnym kryterium bezpieczeństwa lub adekwatności płacy. W odróżnieniu od C07 chodzi o wartościowanie doświadczanej pracy, nie o wybór między dostępnymi ofertami.",cluster,candidate,4
S62,T06,wartościujące oswajanie i selekcjonowanie pracy,Selekcjonowanie przejść przez opłacalność,"Ocena dochodu, ryzyka materialnego i zawodowej wartości dostępnych opcji organizuje decyzje o wejściu do pracy, jej odrzuceniu, zmianie lub odroczeniu kształcenia. Wartościowanie nie pozostaje deklaracją, lecz wyznacza kierunek przejścia zawodowego.","Włączaj fragmenty, w których rozmówca podejmuje, odkłada, kończy, zmienia lub odrzuca konkretną pracę albo drogę edukacyjno-zawodową, ponieważ jej zarobki, ryzyko ekonomiczne, użyteczność kwalifikacji lub zdolność do samodzielnego utrzymania zostają ocenione jako niewystarczające bądź pożądane.","Nie włączaj samego niezadowolenia z płacy lub niedopasowania pracy bez decyzji dotyczącej dalszej ścieżki. Wyłączaj również pozostawanie w niepewnym układzie wskutek jego normalizowania, jeśli brak ruchu selekcyjnego między opcjami.","Oba kody pokazują, że ekonomiczna i zawodowa ocena opcji pełni funkcję bramki: niektóre możliwości stają się dopuszczalne, a inne zostają wykluczone lub odłożone.","W odróżnieniu od C03 koduje działanie selekcyjne lub kierowanie trajektorią, a nie adaptację do aktualnego układu. W odróżnieniu od C01 dochód jest tu przesłanką decyzji zawodowej, nie tylko warunkiem stabilnego życia.",cluster,candidate,2
S63,T06,wartościujące oswajanie i selekcjonowanie pracy,Przenoszenie instytucjonalnej ostrożności,"Wcześniejsze trudne doświadczenia z pracodawcami lub instytucjami są przenoszone na późniejszy kontakt, wytwarzając obawę i ostrożność wobec ponownego wejścia w relację.","Włączaj wyłącznie, gdy fragment wyraźnie łączy wcześniejsze negatywne zdarzenie z późniejszym lękiem, rezerwą, unikaniem lub ostrożnością wobec pracodawcy, pracy albo instytucji.","Nie włączaj bieżącego niezadowolenia z pracy, ogólnego lęku bez wskazanego wcześniejszego doświadczenia ani ocen płacy, statusu, godności lub opłacalności zatrudnienia.",Historycznie ukształtowana ostrożność wobec instytucji pracy.,W odróżnieniu od C03 nie chodzi o normalizowanie aktualnie niekorzystnych warunków. W odróżnieniu od C07 nie musi prowadzić do decyzji o wyborze lub odrzuceniu pracy; zasadniczym zjawiskiem jest przeniesienie doświadczenia na kolejną relację.,standalone_candidate,needs_review,1
